site,window_start,Ion,Concentration
BQ1,1986-05-20,no3_ugl,113.66666666666667
BQ1,1986-05-20,nh4_ugl,NA
BQ1,1986-05-20,k_mgl,0.8166666666666667
BQ1,1986-05-20,mg_mgl,3.1066666666666665
BQ1,1986-05-20,ca_mgl,3.9366666666666665
BQ1,1986-07-22,no3_ugl,NA
BQ1,1986-07-22,nh4_ugl,NA
BQ1,1986-07-22,k_mgl,NA
BQ1,1986-07-22,mg_mgl,NA
BQ1,1986-07-22,ca_mgl,NA
BQ1,1986-09-23,no3_ugl,126.66666666666667
BQ1,1986-09-23,nh4_ugl,25.4
BQ1,1986-09-23,k_mgl,0.656
BQ1,1986-09-23,mg_mgl,2.69
BQ1,1986-09-23,ca_mgl,4.368
BQ1,1986-11-25,no3_ugl,154.33333333333334
BQ1,1986-11-25,nh4_ugl,21.75
BQ1,1986-11-25,k_mgl,0.6744444444444444
BQ1,1986-11-25,mg_mgl,2.5877777777777777
BQ1,1986-11-25,ca_mgl,3.78
BQ1,1987-01-27,no3_ugl,132.22222222222223
BQ1,1987-01-27,nh4_ugl,18.4
BQ1,1987-01-27,k_mgl,0.7244444444444444
BQ1,1987-01-27,mg_mgl,2.977777777777778
BQ1,1987-01-27,ca_mgl,4.166666666666667
BQ1,1987-03-31,no3_ugl,146.44444444444446
BQ1,1987-03-31,nh4_ugl,41.66666666666667
BQ1,1987-03-31,k_mgl,0.8466666666666667
BQ1,1987-03-31,mg_mgl,2.4299999999999997
BQ1,1987-03-31,ca_mgl,3.7566666666666664
BQ1,1987-06-02,no3_ugl,157.66666666666666
BQ1,1987-06-02,nh4_ugl,73.77777777777777
BQ1,1987-06-02,k_mgl,0.8077777777777778
BQ1,1987-06-02,mg_mgl,2.522222222222222
BQ1,1987-06-02,ca_mgl,3.893333333333333
BQ1,1987-08-04,no3_ugl,182.30769230769232
BQ1,1987-08-04,nh4_ugl,44.53846153846154
BQ1,1987-08-04,k_mgl,0.77
BQ1,1987-08-04,mg_mgl,2.1716666666666664
BQ1,1987-08-04,ca_mgl,3.3666666666666667
BQ1,1987-10-06,no3_ugl,163.77777777777777
BQ1,1987-10-06,nh4_ugl,16.25
BQ1,1987-10-06,k_mgl,0.737
BQ1,1987-10-06,mg_mgl,2.349
BQ1,1987-10-06,ca_mgl,3.726
BQ1,1987-12-08,no3_ugl,162.33333333333334
BQ1,1987-12-08,nh4_ugl,24
BQ1,1987-12-08,k_mgl,0.7873333333333333
BQ1,1987-12-08,mg_mgl,2.0086666666666666
BQ1,1987-12-08,ca_mgl,3.2173333333333334
BQ1,1988-02-09,no3_ugl,206.9375
BQ1,1988-02-09,nh4_ugl,20.6875
BQ1,1988-02-09,k_mgl,0.90125
BQ1,1988-02-09,mg_mgl,1.99375
BQ1,1988-02-09,ca_mgl,3.10375
BQ1,1988-04-12,no3_ugl,151.7
BQ1,1988-04-12,nh4_ugl,64.2
BQ1,1988-04-12,k_mgl,0.8766666666666667
BQ1,1988-04-12,mg_mgl,2.251
BQ1,1988-04-12,ca_mgl,3.19
BQ1,1988-06-14,no3_ugl,NA
BQ1,1988-06-14,nh4_ugl,113
BQ1,1988-06-14,k_mgl,0.7655555555555555
BQ1,1988-06-14,mg_mgl,2.267
BQ1,1988-06-14,ca_mgl,3.2977777777777777
BQ1,1988-08-16,no3_ugl,93.83333333333334
BQ1,1988-08-16,nh4_ugl,37.2
BQ1,1988-08-16,k_mgl,0.7553846153846154
BQ1,1988-08-16,mg_mgl,2.046666666666667
BQ1,1988-08-16,ca_mgl,2.8038461538461537
BQ1,1988-10-18,no3_ugl,141.77777777777777
BQ1,1988-10-18,nh4_ugl,46
BQ1,1988-10-18,k_mgl,0.89375
BQ1,1988-10-18,mg_mgl,2.61875
BQ1,1988-10-18,ca_mgl,4.1625
BQ1,1988-12-20,no3_ugl,153
BQ1,1988-12-20,nh4_ugl,NA
BQ1,1988-12-20,k_mgl,0.8588888888888889
BQ1,1988-12-20,mg_mgl,2.502222222222222
BQ1,1988-12-20,ca_mgl,4.32875
BQ1,1989-02-21,no3_ugl,130.88888888888889
BQ1,1989-02-21,nh4_ugl,NA
BQ1,1989-02-21,k_mgl,0.8366666666666667
BQ1,1989-02-21,mg_mgl,2.73
BQ1,1989-02-21,ca_mgl,4.14
BQ1,1989-04-25,no3_ugl,141
BQ1,1989-04-25,nh4_ugl,NA
BQ1,1989-04-25,k_mgl,0.9377777777777778
BQ1,1989-04-25,mg_mgl,2.997777777777778
BQ1,1989-04-25,ca_mgl,4.794444444444444
BQ1,1989-06-27,no3_ugl,116.625
BQ1,1989-06-27,nh4_ugl,NA
BQ1,1989-06-27,k_mgl,0.9444444444444444
BQ1,1989-06-27,mg_mgl,2.5477777777777777
BQ1,1989-06-27,ca_mgl,3.991111111111111
BQ1,1989-08-29,no3_ugl,81.6
BQ1,1989-08-29,nh4_ugl,NA
BQ1,1989-08-29,k_mgl,1.049090909090909
BQ1,1989-08-29,mg_mgl,2.781
BQ1,1989-08-29,ca_mgl,4.265
BQ1,1989-10-31,no3_ugl,324.1
BQ1,1989-10-31,nh4_ugl,NA
BQ1,1989-10-31,k_mgl,1.232
BQ1,1989-10-31,mg_mgl,3.237
BQ1,1989-10-31,ca_mgl,5.118
BQ1,1990-01-02,no3_ugl,118
BQ1,1990-01-02,nh4_ugl,NA
BQ1,1990-01-02,k_mgl,1.268888888888889
BQ1,1990-01-02,mg_mgl,3.3233333333333333
BQ1,1990-01-02,ca_mgl,5.847777777777778
BQ1,1990-03-06,no3_ugl,480.6363636363637
BQ1,1990-03-06,nh4_ugl,NA
BQ1,1990-03-06,k_mgl,1.4038461538461537
BQ1,1990-03-06,mg_mgl,2.5215384615384617
BQ1,1990-03-06,ca_mgl,4.291538461538462
BQ1,1990-05-08,no3_ugl,208.1
BQ1,1990-05-08,nh4_ugl,NA
BQ1,1990-05-08,k_mgl,1.238
BQ1,1990-05-08,mg_mgl,3.11
BQ1,1990-05-08,ca_mgl,5.267
BQ1,1990-07-10,no3_ugl,117.44444444444443
BQ1,1990-07-10,nh4_ugl,NA
BQ1,1990-07-10,k_mgl,1.0133333333333334
BQ1,1990-07-10,mg_mgl,3.2533333333333334
BQ1,1990-07-10,ca_mgl,5.6433333333333335
BQ1,1990-09-11,no3_ugl,97.83333333333334
BQ1,1990-09-11,nh4_ugl,NA
BQ1,1990-09-11,k_mgl,0.9322222222222222
BQ1,1990-09-11,mg_mgl,2.997777777777778
BQ1,1990-09-11,ca_mgl,5.207777777777778
BQ1,1990-11-13,no3_ugl,132.0909090909091
BQ1,1990-11-13,nh4_ugl,NA
BQ1,1990-11-13,k_mgl,1.0736363636363637
BQ1,1990-11-13,mg_mgl,2.7827272727272727
BQ1,1990-11-13,ca_mgl,4.642727272727273
BQ1,1991-01-15,no3_ugl,87.85714285714286
BQ1,1991-01-15,nh4_ugl,NA
BQ1,1991-01-15,k_mgl,0.8144444444444444
BQ1,1991-01-15,mg_mgl,3.223333333333333
BQ1,1991-01-15,ca_mgl,5.7844444444444445
BQ1,1991-03-19,no3_ugl,59.777777777777786
BQ1,1991-03-19,nh4_ugl,NA
BQ1,1991-03-19,k_mgl,0.8333333333333334
BQ1,1991-03-19,mg_mgl,2.9811111111111113
BQ1,1991-03-19,ca_mgl,5.421111111111111
BQ1,1991-05-21,no3_ugl,54.75
BQ1,1991-05-21,nh4_ugl,NA
BQ1,1991-05-21,k_mgl,0.914
BQ1,1991-05-21,mg_mgl,3.0629999999999997
BQ1,1991-05-21,ca_mgl,5.314
BQ1,1991-07-23,no3_ugl,40.77777777777778
BQ1,1991-07-23,nh4_ugl,NA
BQ1,1991-07-23,k_mgl,1.012
BQ1,1991-07-23,mg_mgl,3.801
BQ1,1991-07-23,ca_mgl,6.164
BQ1,1991-09-24,no3_ugl,80.5
BQ1,1991-09-24,nh4_ugl,NA
BQ1,1991-09-24,k_mgl,1.1225
BQ1,1991-09-24,mg_mgl,2.8266666666666667
BQ1,1991-09-24,ca_mgl,4.400833333333333
BQ1,1991-11-26,no3_ugl,188.375
BQ1,1991-11-26,nh4_ugl,NA
BQ1,1991-11-26,k_mgl,1.1477777777777778
BQ1,1991-11-26,mg_mgl,3.0455555555555556
BQ1,1991-11-26,ca_mgl,5.041111111111111
BQ1,1992-01-28,no3_ugl,151
BQ1,1992-01-28,nh4_ugl,NA
BQ1,1992-01-28,k_mgl,1.1520000000000001
BQ1,1992-01-28,mg_mgl,3.128
BQ1,1992-01-28,ca_mgl,5.376
BQ1,1992-03-31,no3_ugl,63.125
BQ1,1992-03-31,nh4_ugl,NA
BQ1,1992-03-31,k_mgl,1.051111111111111
BQ1,1992-03-31,mg_mgl,3.3244444444444445
BQ1,1992-03-31,ca_mgl,5.618888888888889
BQ1,1992-06-02,no3_ugl,58.25
BQ1,1992-06-02,nh4_ugl,NA
BQ1,1992-06-02,k_mgl,1.1566666666666667
BQ1,1992-06-02,mg_mgl,2.8633333333333333
BQ1,1992-06-02,ca_mgl,4.7877777777777775
BQ1,1992-08-04,no3_ugl,102.66666666666666
BQ1,1992-08-04,nh4_ugl,NA
BQ1,1992-08-04,k_mgl,1.1144444444444446
BQ1,1992-08-04,mg_mgl,3.236666666666667
BQ1,1992-08-04,ca_mgl,5.694444444444445
BQ1,1992-10-06,no3_ugl,76.28571428571429
BQ1,1992-10-06,nh4_ugl,NA
BQ1,1992-10-06,k_mgl,0.9877777777777778
BQ1,1992-10-06,mg_mgl,3.002222222222222
BQ1,1992-10-06,ca_mgl,5.384444444444444
BQ1,1992-12-08,no3_ugl,20.5
BQ1,1992-12-08,nh4_ugl,NA
BQ1,1992-12-08,k_mgl,1.0822222222222222
BQ1,1992-12-08,mg_mgl,2.897777777777778
BQ1,1992-12-08,ca_mgl,4.845555555555555
BQ1,1993-02-09,no3_ugl,125.33333333333333
BQ1,1993-02-09,nh4_ugl,NA
BQ1,1993-02-09,k_mgl,1.12
BQ1,1993-02-09,mg_mgl,3.4466666666666668
BQ1,1993-02-09,ca_mgl,5.72
BQ1,1993-04-13,no3_ugl,69.11111111111111
BQ1,1993-04-13,nh4_ugl,NA
BQ1,1993-04-13,k_mgl,1.22
BQ1,1993-04-13,mg_mgl,3.4755555555555557
BQ1,1993-04-13,ca_mgl,5.415555555555556
BQ1,1993-06-15,no3_ugl,39.2
BQ1,1993-06-15,nh4_ugl,NA
BQ1,1993-06-15,k_mgl,1.018888888888889
BQ1,1993-06-15,mg_mgl,2.9566666666666666
BQ1,1993-06-15,ca_mgl,5.483333333333333
BQ1,1993-08-17,no3_ugl,43.111111111111114
BQ1,1993-08-17,nh4_ugl,NA
BQ1,1993-08-17,k_mgl,1.0933333333333333
BQ1,1993-08-17,mg_mgl,3.281111111111111
BQ1,1993-08-17,ca_mgl,5.704444444444444
BQ1,1993-10-19,no3_ugl,12.444444444444445
BQ1,1993-10-19,nh4_ugl,NA
BQ1,1993-10-19,k_mgl,1.1277777777777778
BQ1,1993-10-19,mg_mgl,3.2733333333333334
BQ1,1993-10-19,ca_mgl,5.831111111111111
BQ1,1993-12-21,no3_ugl,25.333333333333332
BQ1,1993-12-21,nh4_ugl,NA
BQ1,1993-12-21,k_mgl,1.0355555555555556
BQ1,1993-12-21,mg_mgl,2.8844444444444446
BQ1,1993-12-21,ca_mgl,5.3133333333333335
BQ1,1994-02-22,no3_ugl,86.75
BQ1,1994-02-22,nh4_ugl,NA
BQ1,1994-02-22,k_mgl,1.0655555555555556
BQ1,1994-02-22,mg_mgl,3.3433333333333333
BQ1,1994-02-22,ca_mgl,5.968888888888889
BQ1,1994-04-26,no3_ugl,17.444444444444443
BQ1,1994-04-26,nh4_ugl,NA
BQ1,1994-04-26,k_mgl,1.1566666666666667
BQ1,1994-04-26,mg_mgl,3.7
BQ1,1994-04-26,ca_mgl,6.6466666666666665
BQ1,1994-06-28,no3_ugl,94.75
BQ1,1994-06-28,nh4_ugl,NA
BQ1,1994-06-28,k_mgl,1.143
BQ1,1994-06-28,mg_mgl,3.505
BQ1,1994-06-28,ca_mgl,6.196
BQ1,1994-08-30,no3_ugl,NA
BQ1,1994-08-30,nh4_ugl,NA
BQ1,1994-08-30,k_mgl,1.22
BQ1,1994-08-30,mg_mgl,3.3455555555555554
BQ1,1994-08-30,ca_mgl,6.12
BQ1,1994-11-01,no3_ugl,109
BQ1,1994-11-01,nh4_ugl,NA
BQ1,1994-11-01,k_mgl,1.0988888888888888
BQ1,1994-11-01,mg_mgl,3.0444444444444443
BQ1,1994-11-01,ca_mgl,5.645555555555555
BQ2,1986-05-20,no3_ugl,208.66666666666666
BQ2,1986-05-20,nh4_ugl,NA
BQ2,1986-05-20,k_mgl,0.79
BQ2,1986-05-20,mg_mgl,3.0033333333333334
BQ2,1986-05-20,ca_mgl,4.9
BQ2,1986-07-22,no3_ugl,NA
BQ2,1986-07-22,nh4_ugl,NA
BQ2,1986-07-22,k_mgl,NA
BQ2,1986-07-22,mg_mgl,NA
BQ2,1986-07-22,ca_mgl,NA
BQ2,1986-09-23,no3_ugl,206.6
BQ2,1986-09-23,nh4_ugl,22.6
BQ2,1986-09-23,k_mgl,0.716
BQ2,1986-09-23,mg_mgl,2.43
BQ2,1986-09-23,ca_mgl,4.946
BQ2,1986-11-25,no3_ugl,268.1111111111111
BQ2,1986-11-25,nh4_ugl,17.25
BQ2,1986-11-25,k_mgl,0.6922222222222223
BQ2,1986-11-25,mg_mgl,2.5211111111111113
BQ2,1986-11-25,ca_mgl,4.742222222222222
BQ2,1987-01-27,no3_ugl,219.625
BQ2,1987-01-27,nh4_ugl,14
BQ2,1987-01-27,k_mgl,0.76
BQ2,1987-01-27,mg_mgl,2.658888888888889
BQ2,1987-01-27,ca_mgl,4.924444444444444
BQ2,1987-03-31,no3_ugl,259.85714285714283
BQ2,1987-03-31,nh4_ugl,39
BQ2,1987-03-31,k_mgl,0.9455555555555556
BQ2,1987-03-31,mg_mgl,2.29
BQ2,1987-03-31,ca_mgl,4.682222222222222
BQ2,1987-06-02,no3_ugl,232.77777777777777
BQ2,1987-06-02,nh4_ugl,70.66666666666667
BQ2,1987-06-02,k_mgl,0.8188888888888889
BQ2,1987-06-02,mg_mgl,2.49
BQ2,1987-06-02,ca_mgl,4.915555555555556
BQ2,1987-08-04,no3_ugl,231.3846153846154
BQ2,1987-08-04,nh4_ugl,32.84615384615385
BQ2,1987-08-04,k_mgl,0.8530769230769231
BQ2,1987-08-04,mg_mgl,2.037692307692308
BQ2,1987-08-04,ca_mgl,4.03
BQ2,1987-10-06,no3_ugl,191
BQ2,1987-10-06,nh4_ugl,12.1
BQ2,1987-10-06,k_mgl,0.856
BQ2,1987-10-06,mg_mgl,2.0949999999999998
BQ2,1987-10-06,ca_mgl,4.21
BQ2,1987-12-08,no3_ugl,253.86666666666667
BQ2,1987-12-08,nh4_ugl,18.36842105263158
BQ2,1987-12-08,k_mgl,0.8668421052631579
BQ2,1987-12-08,mg_mgl,2.04
BQ2,1987-12-08,ca_mgl,4.324736842105263
BQ2,1988-02-09,no3_ugl,185
BQ2,1988-02-09,nh4_ugl,18.857142857142858
BQ2,1988-02-09,k_mgl,0.7775
BQ2,1988-02-09,mg_mgl,2.34625
BQ2,1988-02-09,ca_mgl,4.33875
BQ2,1988-04-12,no3_ugl,216.7
BQ2,1988-04-12,nh4_ugl,57.55555555555556
BQ2,1988-04-12,k_mgl,0.807
BQ2,1988-04-12,mg_mgl,2.187
BQ2,1988-04-12,ca_mgl,3.868
BQ2,1988-06-14,no3_ugl,NA
BQ2,1988-06-14,nh4_ugl,67.5
BQ2,1988-06-14,k_mgl,0.7545454545454545
BQ2,1988-06-14,mg_mgl,2.2381818181818183
BQ2,1988-06-14,ca_mgl,3.561818181818182
BQ2,1988-08-16,no3_ugl,184.72727272727272
BQ2,1988-08-16,nh4_ugl,26.25
BQ2,1988-08-16,k_mgl,0.7761538461538462
BQ2,1988-08-16,mg_mgl,2.0591666666666666
BQ2,1988-08-16,ca_mgl,3.805
BQ2,1988-10-18,no3_ugl,224.125
BQ2,1988-10-18,nh4_ugl,61
BQ2,1988-10-18,k_mgl,0.8475
BQ2,1988-10-18,mg_mgl,2.38125
BQ2,1988-10-18,ca_mgl,4.18625
BQ2,1988-12-20,no3_ugl,219.11111111111111
BQ2,1988-12-20,nh4_ugl,NA
BQ2,1988-12-20,k_mgl,0.9077777777777778
BQ2,1988-12-20,mg_mgl,2.4833333333333334
BQ2,1988-12-20,ca_mgl,4.488888888888889
BQ2,1989-02-21,no3_ugl,224.9
BQ2,1989-02-21,nh4_ugl,NA
BQ2,1989-02-21,k_mgl,0.8377777777777777
BQ2,1989-02-21,mg_mgl,2.7688888888888887
BQ2,1989-02-21,ca_mgl,4.62
BQ2,1989-04-25,no3_ugl,174
BQ2,1989-04-25,nh4_ugl,NA
BQ2,1989-04-25,k_mgl,0.9366666666666666
BQ2,1989-04-25,mg_mgl,2.6755555555555555
BQ2,1989-04-25,ca_mgl,4.58
BQ2,1989-06-27,no3_ugl,176
BQ2,1989-06-27,nh4_ugl,NA
BQ2,1989-06-27,k_mgl,1.0044444444444445
BQ2,1989-06-27,mg_mgl,2.3566666666666665
BQ2,1989-06-27,ca_mgl,4.605555555555556
BQ2,1989-08-29,no3_ugl,137.42857142857142
BQ2,1989-08-29,nh4_ugl,NA
BQ2,1989-08-29,k_mgl,1.1718181818181819
BQ2,1989-08-29,mg_mgl,2.789
BQ2,1989-08-29,ca_mgl,5.341
BQ2,1989-10-31,no3_ugl,424.3
BQ2,1989-10-31,nh4_ugl,NA
BQ2,1989-10-31,k_mgl,1.339
BQ2,1989-10-31,mg_mgl,3.138
BQ2,1989-10-31,ca_mgl,6.071
BQ2,1990-01-02,no3_ugl,194.75
BQ2,1990-01-02,nh4_ugl,NA
BQ2,1990-01-02,k_mgl,1.3822222222222222
BQ2,1990-01-02,mg_mgl,3.12
BQ2,1990-01-02,ca_mgl,6.677777777777778
BQ2,1990-03-06,no3_ugl,460.9090909090909
BQ2,1990-03-06,nh4_ugl,NA
BQ2,1990-03-06,k_mgl,1.393076923076923
BQ2,1990-03-06,mg_mgl,2.46
BQ2,1990-03-06,ca_mgl,5.222307692307692
BQ2,1990-05-08,no3_ugl,301.5
BQ2,1990-05-08,nh4_ugl,NA
BQ2,1990-05-08,k_mgl,1.262
BQ2,1990-05-08,mg_mgl,3.079
BQ2,1990-05-08,ca_mgl,6.397
BQ2,1990-07-10,no3_ugl,177.44444444444446
BQ2,1990-07-10,nh4_ugl,NA
BQ2,1990-07-10,k_mgl,0.9955555555555555
BQ2,1990-07-10,mg_mgl,3.2844444444444445
BQ2,1990-07-10,ca_mgl,7.045555555555556
BQ2,1990-09-11,no3_ugl,101
BQ2,1990-09-11,nh4_ugl,NA
BQ2,1990-09-11,k_mgl,0.8822222222222222
BQ2,1990-09-11,mg_mgl,2.76
BQ2,1990-09-11,ca_mgl,6.1322222222222225
BQ2,1990-11-13,no3_ugl,211.45454545454547
BQ2,1990-11-13,nh4_ugl,NA
BQ2,1990-11-13,k_mgl,1.0463636363636364
BQ2,1990-11-13,mg_mgl,2.9263636363636363
BQ2,1990-11-13,ca_mgl,6.368181818181818
BQ2,1991-01-15,no3_ugl,124.71428571428571
BQ2,1991-01-15,nh4_ugl,NA
BQ2,1991-01-15,k_mgl,0.8288888888888889
BQ2,1991-01-15,mg_mgl,3.0255555555555556
BQ2,1991-01-15,ca_mgl,6.865555555555556
BQ2,1991-03-19,no3_ugl,77.44444444444443
BQ2,1991-03-19,nh4_ugl,NA
BQ2,1991-03-19,k_mgl,0.8922222222222222
BQ2,1991-03-19,mg_mgl,2.92
BQ2,1991-03-19,ca_mgl,5.662222222222222
BQ2,1991-05-21,no3_ugl,85.125
BQ2,1991-05-21,nh4_ugl,NA
BQ2,1991-05-21,k_mgl,1.078
BQ2,1991-05-21,mg_mgl,3.005
BQ2,1991-05-21,ca_mgl,3.7439999999999998
BQ2,1991-07-23,no3_ugl,60.2
BQ2,1991-07-23,nh4_ugl,NA
BQ2,1991-07-23,k_mgl,1.271
BQ2,1991-07-23,mg_mgl,3.157
BQ2,1991-07-23,ca_mgl,6.536
BQ2,1991-09-24,no3_ugl,170.83333333333331
BQ2,1991-09-24,nh4_ugl,NA
BQ2,1991-09-24,k_mgl,1.2816666666666667
BQ2,1991-09-24,mg_mgl,2.6133333333333333
BQ2,1991-09-24,ca_mgl,4.645833333333333
BQ2,1991-11-26,no3_ugl,296.1111111111111
BQ2,1991-11-26,nh4_ugl,NA
BQ2,1991-11-26,k_mgl,1.198888888888889
BQ2,1991-11-26,mg_mgl,3.051111111111111
BQ2,1991-11-26,ca_mgl,5.783333333333333
BQ2,1992-01-28,no3_ugl,191.11111111111111
BQ2,1992-01-28,nh4_ugl,NA
BQ2,1992-01-28,k_mgl,1.284
BQ2,1992-01-28,mg_mgl,2.969
BQ2,1992-01-28,ca_mgl,6.08
BQ2,1992-03-31,no3_ugl,135.125
BQ2,1992-03-31,nh4_ugl,NA
BQ2,1992-03-31,k_mgl,1.1555555555555557
BQ2,1992-03-31,mg_mgl,2.8533333333333335
BQ2,1992-03-31,ca_mgl,5.455555555555556
BQ2,1992-06-02,no3_ugl,58
BQ2,1992-06-02,nh4_ugl,NA
BQ2,1992-06-02,k_mgl,1.26
BQ2,1992-06-02,mg_mgl,2.9877777777777776
BQ2,1992-06-02,ca_mgl,6.188888888888889
BQ2,1992-08-04,no3_ugl,79.66666666666667
BQ2,1992-08-04,nh4_ugl,NA
BQ2,1992-08-04,k_mgl,1.2733333333333332
BQ2,1992-08-04,mg_mgl,3.04
BQ2,1992-08-04,ca_mgl,6.444444444444445
BQ2,1992-10-06,no3_ugl,47.75
BQ2,1992-10-06,nh4_ugl,NA
BQ2,1992-10-06,k_mgl,1.1822222222222223
BQ2,1992-10-06,mg_mgl,2.738888888888889
BQ2,1992-10-06,ca_mgl,5.905555555555556
BQ2,1992-12-08,no3_ugl,172
BQ2,1992-12-08,nh4_ugl,NA
BQ2,1992-12-08,k_mgl,1.2344444444444445
BQ2,1992-12-08,mg_mgl,3.0322222222222224
BQ2,1992-12-08,ca_mgl,6.345555555555555
BQ2,1993-02-09,no3_ugl,145.5
BQ2,1993-02-09,nh4_ugl,NA
BQ2,1993-02-09,k_mgl,1.38
BQ2,1993-02-09,mg_mgl,3.3477777777777775
BQ2,1993-02-09,ca_mgl,6.855555555555555
BQ2,1993-04-13,no3_ugl,89.75
BQ2,1993-04-13,nh4_ugl,NA
BQ2,1993-04-13,k_mgl,1.3155555555555556
BQ2,1993-04-13,mg_mgl,2.8722222222222222
BQ2,1993-04-13,ca_mgl,5.665555555555556
BQ2,1993-06-15,no3_ugl,95.4
BQ2,1993-06-15,nh4_ugl,NA
BQ2,1993-06-15,k_mgl,1.49
BQ2,1993-06-15,mg_mgl,3.163333333333333
BQ2,1993-06-15,ca_mgl,7.022222222222222
BQ2,1993-08-17,no3_ugl,61.625
BQ2,1993-08-17,nh4_ugl,NA
BQ2,1993-08-17,k_mgl,1.2966666666666666
BQ2,1993-08-17,mg_mgl,2.8777777777777778
BQ2,1993-08-17,ca_mgl,6.525555555555555
BQ2,1993-10-19,no3_ugl,41.22222222222222
BQ2,1993-10-19,nh4_ugl,NA
BQ2,1993-10-19,k_mgl,1.3855555555555557
BQ2,1993-10-19,mg_mgl,2.966666666666667
BQ2,1993-10-19,ca_mgl,6.611111111111112
BQ2,1993-12-21,no3_ugl,12.5
BQ2,1993-12-21,nh4_ugl,NA
BQ2,1993-12-21,k_mgl,1.3711111111111112
BQ2,1993-12-21,mg_mgl,2.694444444444444
BQ2,1993-12-21,ca_mgl,5.996666666666667
BQ2,1994-02-22,no3_ugl,37.5
BQ2,1994-02-22,nh4_ugl,NA
BQ2,1994-02-22,k_mgl,1.3444444444444446
BQ2,1994-02-22,mg_mgl,2.9522222222222223
BQ2,1994-02-22,ca_mgl,6.587777777777778
BQ2,1994-04-26,no3_ugl,22.25
BQ2,1994-04-26,nh4_ugl,NA
BQ2,1994-04-26,k_mgl,1.3925
BQ2,1994-04-26,mg_mgl,3.24125
BQ2,1994-04-26,ca_mgl,6.95875
BQ2,1994-06-28,no3_ugl,145.5
BQ2,1994-06-28,nh4_ugl,NA
BQ2,1994-06-28,k_mgl,1.1633333333333333
BQ2,1994-06-28,mg_mgl,2.4833333333333334
BQ2,1994-06-28,ca_mgl,5.0649999999999995
BQ2,1994-08-30,no3_ugl,NA
BQ2,1994-08-30,nh4_ugl,NA
BQ2,1994-08-30,k_mgl,1.32
BQ2,1994-08-30,mg_mgl,1.975
BQ2,1994-08-30,ca_mgl,4.325
BQ2,1994-11-01,no3_ugl,NA
BQ2,1994-11-01,nh4_ugl,NA
BQ2,1994-11-01,k_mgl,1.25375
BQ2,1994-11-01,mg_mgl,2.48875
BQ2,1994-11-01,ca_mgl,5.3075
BQ3,1986-05-20,no3_ugl,119.66666666666667
BQ3,1986-05-20,nh4_ugl,NA
BQ3,1986-05-20,k_mgl,0.7033333333333333
BQ3,1986-05-20,mg_mgl,3.4333333333333336
BQ3,1986-05-20,ca_mgl,3.9533333333333336
BQ3,1986-07-22,no3_ugl,NA
BQ3,1986-07-22,nh4_ugl,NA
BQ3,1986-07-22,k_mgl,NA
BQ3,1986-07-22,mg_mgl,NA
BQ3,1986-07-22,ca_mgl,NA
BQ3,1986-09-23,no3_ugl,161.5
BQ3,1986-09-23,nh4_ugl,24.6
BQ3,1986-09-23,k_mgl,0.566
BQ3,1986-09-23,mg_mgl,2.606
BQ3,1986-09-23,ca_mgl,3.606
BQ3,1986-11-25,no3_ugl,197.88888888888889
BQ3,1986-11-25,nh4_ugl,17
BQ3,1986-11-25,k_mgl,0.56
BQ3,1986-11-25,mg_mgl,2.738888888888889
BQ3,1986-11-25,ca_mgl,3.462222222222222
BQ3,1987-01-27,no3_ugl,193.77777777777777
BQ3,1987-01-27,nh4_ugl,14.571428571428571
BQ3,1987-01-27,k_mgl,0.6222222222222222
BQ3,1987-01-27,mg_mgl,3.0477777777777777
BQ3,1987-01-27,ca_mgl,3.7266666666666666
BQ3,1987-03-31,no3_ugl,182.11111111111111
BQ3,1987-03-31,nh4_ugl,46
BQ3,1987-03-31,k_mgl,0.6922222222222222
BQ3,1987-03-31,mg_mgl,2.4544444444444444
BQ3,1987-03-31,ca_mgl,3.428888888888889
BQ3,1987-06-02,no3_ugl,175.22222222222223
BQ3,1987-06-02,nh4_ugl,80.88888888888889
BQ3,1987-06-02,k_mgl,0.6666666666666666
BQ3,1987-06-02,mg_mgl,2.4044444444444446
BQ3,1987-06-02,ca_mgl,3.621111111111111
BQ3,1987-08-04,no3_ugl,240.375
BQ3,1987-08-04,nh4_ugl,19.75
BQ3,1987-08-04,k_mgl,0.7055555555555555
BQ3,1987-08-04,mg_mgl,2.948888888888889
BQ3,1987-08-04,ca_mgl,3.9033333333333333
BQ3,1987-10-06,no3_ugl,209.7
BQ3,1987-10-06,nh4_ugl,11.714285714285714
BQ3,1987-10-06,k_mgl,0.577
BQ3,1987-10-06,mg_mgl,2.106
BQ3,1987-10-06,ca_mgl,3.079
BQ3,1987-12-08,no3_ugl,162.5
BQ3,1987-12-08,nh4_ugl,30.823529411764703
BQ3,1987-12-08,k_mgl,0.7106666666666667
BQ3,1987-12-08,mg_mgl,2.306
BQ3,1987-12-08,ca_mgl,3.248
BQ3,1988-02-09,no3_ugl,194.77777777777777
BQ3,1988-02-09,nh4_ugl,22.444444444444443
BQ3,1988-02-09,k_mgl,0.5833333333333334
BQ3,1988-02-09,mg_mgl,2.7488888888888887
BQ3,1988-02-09,ca_mgl,3.462222222222222
BQ3,1988-04-12,no3_ugl,198.6
BQ3,1988-04-12,nh4_ugl,46.2
BQ3,1988-04-12,k_mgl,0.658
BQ3,1988-04-12,mg_mgl,2.3890000000000002
BQ3,1988-04-12,ca_mgl,2.8810000000000002
BQ3,1988-06-14,no3_ugl,NA
BQ3,1988-06-14,nh4_ugl,28
BQ3,1988-06-14,k_mgl,0.677
BQ3,1988-06-14,mg_mgl,2.584
BQ3,1988-06-14,ca_mgl,2.896
BQ3,1988-08-16,no3_ugl,140.85714285714286
BQ3,1988-08-16,nh4_ugl,42.2
BQ3,1988-08-16,k_mgl,0.5984615384615385
BQ3,1988-08-16,mg_mgl,2.1923076923076925
BQ3,1988-08-16,ca_mgl,2.786153846153846
BQ3,1988-10-18,no3_ugl,184
BQ3,1988-10-18,nh4_ugl,57
BQ3,1988-10-18,k_mgl,0.7075
BQ3,1988-10-18,mg_mgl,2.6574999999999998
BQ3,1988-10-18,ca_mgl,3.7885714285714287
BQ3,1988-12-20,no3_ugl,188.88888888888889
BQ3,1988-12-20,nh4_ugl,NA
BQ3,1988-12-20,k_mgl,0.7922222222222223
BQ3,1988-12-20,mg_mgl,2.761111111111111
BQ3,1988-12-20,ca_mgl,3.87
BQ3,1989-02-21,no3_ugl,158.22222222222223
BQ3,1989-02-21,nh4_ugl,NA
BQ3,1989-02-21,k_mgl,0.6988888888888889
BQ3,1989-02-21,mg_mgl,2.716666666666667
BQ3,1989-02-21,ca_mgl,3.668888888888889
BQ3,1989-04-25,no3_ugl,145.22222222222223
BQ3,1989-04-25,nh4_ugl,NA
BQ3,1989-04-25,k_mgl,0.7544444444444445
BQ3,1989-04-25,mg_mgl,2.9
BQ3,1989-04-25,ca_mgl,4.1755555555555555
BQ3,1989-06-27,no3_ugl,111.22222222222223
BQ3,1989-06-27,nh4_ugl,NA
BQ3,1989-06-27,k_mgl,0.8044444444444444
BQ3,1989-06-27,mg_mgl,2.626666666666667
BQ3,1989-06-27,ca_mgl,3.4266666666666667
BQ3,1989-08-29,no3_ugl,176.5
BQ3,1989-08-29,nh4_ugl,NA
BQ3,1989-08-29,k_mgl,1.031
BQ3,1989-08-29,mg_mgl,2.676
BQ3,1989-08-29,ca_mgl,3.638
BQ3,1989-10-31,no3_ugl,424.5
BQ3,1989-10-31,nh4_ugl,NA
BQ3,1989-10-31,k_mgl,1.489
BQ3,1989-10-31,mg_mgl,3.586
BQ3,1989-10-31,ca_mgl,4.354
BQ3,1990-01-02,no3_ugl,262.375
BQ3,1990-01-02,nh4_ugl,NA
BQ3,1990-01-02,k_mgl,1.4577777777777778
BQ3,1990-01-02,mg_mgl,3.61
BQ3,1990-01-02,ca_mgl,5.15
BQ3,1990-03-06,no3_ugl,380.25
BQ3,1990-03-06,nh4_ugl,NA
BQ3,1990-03-06,k_mgl,1.406153846153846
BQ3,1990-03-06,mg_mgl,2.644615384615385
BQ3,1990-03-06,ca_mgl,3.683076923076923
BQ3,1990-05-08,no3_ugl,308
BQ3,1990-05-08,nh4_ugl,NA
BQ3,1990-05-08,k_mgl,1.304
BQ3,1990-05-08,mg_mgl,3.278
BQ3,1990-05-08,ca_mgl,4.443
BQ3,1990-07-10,no3_ugl,187.375
BQ3,1990-07-10,nh4_ugl,NA
BQ3,1990-07-10,k_mgl,1.0666666666666667
BQ3,1990-07-10,mg_mgl,3.4144444444444444
BQ3,1990-07-10,ca_mgl,5.423333333333333
BQ3,1990-09-11,no3_ugl,114.55555555555556
BQ3,1990-09-11,nh4_ugl,NA
BQ3,1990-09-11,k_mgl,0.9577777777777777
BQ3,1990-09-11,mg_mgl,3.2544444444444447
BQ3,1990-09-11,ca_mgl,5.295555555555556
BQ3,1990-11-13,no3_ugl,197.5
BQ3,1990-11-13,nh4_ugl,NA
BQ3,1990-11-13,k_mgl,0.9927272727272728
BQ3,1990-11-13,mg_mgl,2.8363636363636364
BQ3,1990-11-13,ca_mgl,4.458181818181818
BQ3,1991-01-15,no3_ugl,154.28571428571428
BQ3,1991-01-15,nh4_ugl,NA
BQ3,1991-01-15,k_mgl,0.7888888888888889
BQ3,1991-01-15,mg_mgl,3.8155555555555556
BQ3,1991-01-15,ca_mgl,4.995555555555556
BQ3,1991-03-19,no3_ugl,82.125
BQ3,1991-03-19,nh4_ugl,NA
BQ3,1991-03-19,k_mgl,0.8233333333333334
BQ3,1991-03-19,mg_mgl,3.187777777777778
BQ3,1991-03-19,ca_mgl,4.322222222222222
BQ3,1991-05-21,no3_ugl,87.25
BQ3,1991-05-21,nh4_ugl,NA
BQ3,1991-05-21,k_mgl,0.929
BQ3,1991-05-21,mg_mgl,3.391
BQ3,1991-05-21,ca_mgl,4.38
BQ3,1991-07-23,no3_ugl,107.1
BQ3,1991-07-23,nh4_ugl,NA
BQ3,1991-07-23,k_mgl,0.98
BQ3,1991-07-23,mg_mgl,3.269
BQ3,1991-07-23,ca_mgl,4.54
BQ3,1991-09-24,no3_ugl,147.91666666666666
BQ3,1991-09-24,nh4_ugl,NA
BQ3,1991-09-24,k_mgl,0.8916666666666667
BQ3,1991-09-24,mg_mgl,3.0091666666666668
BQ3,1991-09-24,ca_mgl,4.235833333333333
BQ3,1991-11-26,no3_ugl,216.77777777777777
BQ3,1991-11-26,nh4_ugl,NA
BQ3,1991-11-26,k_mgl,0.9144444444444445
BQ3,1991-11-26,mg_mgl,3.0955555555555554
BQ3,1991-11-26,ca_mgl,4.552222222222222
BQ3,1992-01-28,no3_ugl,167.11111111111111
BQ3,1992-01-28,nh4_ugl,NA
BQ3,1992-01-28,k_mgl,1.159
BQ3,1992-01-28,mg_mgl,3.3930000000000002
BQ3,1992-01-28,ca_mgl,5.371
BQ3,1992-03-31,no3_ugl,80
BQ3,1992-03-31,nh4_ugl,NA
BQ3,1992-03-31,k_mgl,0.9644444444444444
BQ3,1992-03-31,mg_mgl,3.088888888888889
BQ3,1992-03-31,ca_mgl,5.408888888888889
BQ3,1992-06-02,no3_ugl,74.11111111111111
BQ3,1992-06-02,nh4_ugl,NA
BQ3,1992-06-02,k_mgl,0.9077777777777778
BQ3,1992-06-02,mg_mgl,2.8355555555555556
BQ3,1992-06-02,ca_mgl,4.177777777777778
BQ3,1992-08-04,no3_ugl,49.66666666666667
BQ3,1992-08-04,nh4_ugl,NA
BQ3,1992-08-04,k_mgl,1.1233333333333333
BQ3,1992-08-04,mg_mgl,2.918888888888889
BQ3,1992-08-04,ca_mgl,4.372222222222223
BQ3,1992-10-06,no3_ugl,51.111111111111114
BQ3,1992-10-06,nh4_ugl,NA
BQ3,1992-10-06,k_mgl,0.9655555555555556
BQ3,1992-10-06,mg_mgl,3.2311111111111113
BQ3,1992-10-06,ca_mgl,4.5488888888888885
BQ3,1992-12-08,no3_ugl,22
BQ3,1992-12-08,nh4_ugl,NA
BQ3,1992-12-08,k_mgl,0.9722222222222222
BQ3,1992-12-08,mg_mgl,3.358888888888889
BQ3,1992-12-08,ca_mgl,4.488888888888889
BQ3,1993-02-09,no3_ugl,129.5
BQ3,1993-02-09,nh4_ugl,NA
BQ3,1993-02-09,k_mgl,0.8233333333333334
BQ3,1993-02-09,mg_mgl,3.256666666666667
BQ3,1993-02-09,ca_mgl,4.522222222222222
BQ3,1993-04-13,no3_ugl,119.75
BQ3,1993-04-13,nh4_ugl,NA
BQ3,1993-04-13,k_mgl,0.8624999999999999
BQ3,1993-04-13,mg_mgl,3.265
BQ3,1993-04-13,ca_mgl,3.9675
BQ3,1993-06-15,no3_ugl,65.4
BQ3,1993-06-15,nh4_ugl,NA
BQ3,1993-06-15,k_mgl,0.8088888888888889
BQ3,1993-06-15,mg_mgl,2.891111111111111
BQ3,1993-06-15,ca_mgl,4.6066666666666665
BQ3,1993-08-17,no3_ugl,94.75
BQ3,1993-08-17,nh4_ugl,NA
BQ3,1993-08-17,k_mgl,0.8633333333333334
BQ3,1993-08-17,mg_mgl,3.39625
BQ3,1993-08-17,ca_mgl,4.736666666666666
BQ3,1993-10-19,no3_ugl,22.25
BQ3,1993-10-19,nh4_ugl,NA
BQ3,1993-10-19,k_mgl,0.8366666666666667
BQ3,1993-10-19,mg_mgl,3.013333333333333
BQ3,1993-10-19,ca_mgl,4.5344444444444445
BQ3,1993-12-21,no3_ugl,16
BQ3,1993-12-21,nh4_ugl,NA
BQ3,1993-12-21,k_mgl,0.8077777777777778
BQ3,1993-12-21,mg_mgl,2.6155555555555554
BQ3,1993-12-21,ca_mgl,4.054444444444444
BQ3,1994-02-22,no3_ugl,55.66666666666667
BQ3,1994-02-22,nh4_ugl,NA
BQ3,1994-02-22,k_mgl,0.9011111111111111
BQ3,1994-02-22,mg_mgl,3.312222222222222
BQ3,1994-02-22,ca_mgl,4.912222222222222
BQ3,1994-04-26,no3_ugl,17.11111111111111
BQ3,1994-04-26,nh4_ugl,NA
BQ3,1994-04-26,k_mgl,0.8555555555555555
BQ3,1994-04-26,mg_mgl,3.5833333333333335
BQ3,1994-04-26,ca_mgl,5.291111111111111
BQ3,1994-06-28,no3_ugl,97.75
BQ3,1994-06-28,nh4_ugl,NA
BQ3,1994-06-28,k_mgl,0.888
BQ3,1994-06-28,mg_mgl,3.54
BQ3,1994-06-28,ca_mgl,5
BQ3,1994-08-30,no3_ugl,NA
BQ3,1994-08-30,nh4_ugl,NA
BQ3,1994-08-30,k_mgl,0.8577777777777778
BQ3,1994-08-30,mg_mgl,3.3277777777777775
BQ3,1994-08-30,ca_mgl,4.845555555555555
BQ3,1994-11-01,no3_ugl,NA
BQ3,1994-11-01,nh4_ugl,NA
BQ3,1994-11-01,k_mgl,0.8477777777777777
BQ3,1994-11-01,mg_mgl,3.082222222222222
BQ3,1994-11-01,ca_mgl,4.412222222222222
PRM,1986-05-20,no3_ugl,NA
PRM,1986-05-20,nh4_ugl,NA
PRM,1986-05-20,k_mgl,NA
PRM,1986-05-20,mg_mgl,NA
PRM,1986-05-20,ca_mgl,NA
PRM,1986-07-22,no3_ugl,NA
PRM,1986-07-22,nh4_ugl,NA
PRM,1986-07-22,k_mgl,NA
PRM,1986-07-22,mg_mgl,NA
PRM,1986-07-22,ca_mgl,NA
PRM,1986-09-23,no3_ugl,NA
PRM,1986-09-23,nh4_ugl,NA
PRM,1986-09-23,k_mgl,NA
PRM,1986-09-23,mg_mgl,NA
PRM,1986-09-23,ca_mgl,NA
PRM,1986-11-25,no3_ugl,NA
PRM,1986-11-25,nh4_ugl,NA
PRM,1986-11-25,k_mgl,NA
PRM,1986-11-25,mg_mgl,NA
PRM,1986-11-25,ca_mgl,NA
PRM,1987-01-27,no3_ugl,NA
PRM,1987-01-27,nh4_ugl,NA
PRM,1987-01-27,k_mgl,NA
PRM,1987-01-27,mg_mgl,NA
PRM,1987-01-27,ca_mgl,NA
PRM,1987-03-31,no3_ugl,NA
PRM,1987-03-31,nh4_ugl,NA
PRM,1987-03-31,k_mgl,NA
PRM,1987-03-31,mg_mgl,NA
PRM,1987-03-31,ca_mgl,NA
PRM,1987-06-02,no3_ugl,NA
PRM,1987-06-02,nh4_ugl,NA
PRM,1987-06-02,k_mgl,NA
PRM,1987-06-02,mg_mgl,NA
PRM,1987-06-02,ca_mgl,NA
PRM,1987-08-04,no3_ugl,NA
PRM,1987-08-04,nh4_ugl,NA
PRM,1987-08-04,k_mgl,NA
PRM,1987-08-04,mg_mgl,NA
PRM,1987-08-04,ca_mgl,NA
PRM,1987-10-06,no3_ugl,NA
PRM,1987-10-06,nh4_ugl,NA
PRM,1987-10-06,k_mgl,NA
PRM,1987-10-06,mg_mgl,NA
PRM,1987-10-06,ca_mgl,NA
PRM,1987-12-08,no3_ugl,NA
PRM,1987-12-08,nh4_ugl,NA
PRM,1987-12-08,k_mgl,NA
PRM,1987-12-08,mg_mgl,NA
PRM,1987-12-08,ca_mgl,NA
PRM,1988-02-09,no3_ugl,NA
PRM,1988-02-09,nh4_ugl,NA
PRM,1988-02-09,k_mgl,NA
PRM,1988-02-09,mg_mgl,NA
PRM,1988-02-09,ca_mgl,NA
PRM,1988-04-12,no3_ugl,NA
PRM,1988-04-12,nh4_ugl,NA
PRM,1988-04-12,k_mgl,NA
PRM,1988-04-12,mg_mgl,NA
PRM,1988-04-12,ca_mgl,NA
PRM,1988-06-14,no3_ugl,NA
PRM,1988-06-14,nh4_ugl,NA
PRM,1988-06-14,k_mgl,NA
PRM,1988-06-14,mg_mgl,NA
PRM,1988-06-14,ca_mgl,NA
PRM,1988-08-16,no3_ugl,NA
PRM,1988-08-16,nh4_ugl,NA
PRM,1988-08-16,k_mgl,NA
PRM,1988-08-16,mg_mgl,NA
PRM,1988-08-16,ca_mgl,NA
PRM,1988-10-18,no3_ugl,NA
PRM,1988-10-18,nh4_ugl,NA
PRM,1988-10-18,k_mgl,NA
PRM,1988-10-18,mg_mgl,NA
PRM,1988-10-18,ca_mgl,NA
PRM,1988-12-20,no3_ugl,NA
PRM,1988-12-20,nh4_ugl,NA
PRM,1988-12-20,k_mgl,NA
PRM,1988-12-20,mg_mgl,NA
PRM,1988-12-20,ca_mgl,NA
PRM,1989-02-21,no3_ugl,NA
PRM,1989-02-21,nh4_ugl,NA
PRM,1989-02-21,k_mgl,NA
PRM,1989-02-21,mg_mgl,NA
PRM,1989-02-21,ca_mgl,NA
PRM,1989-04-25,no3_ugl,73.83333333333333
PRM,1989-04-25,nh4_ugl,NA
PRM,1989-04-25,k_mgl,0.6816666666666666
PRM,1989-04-25,mg_mgl,1.9433333333333334
PRM,1989-04-25,ca_mgl,6.568333333333333
PRM,1989-06-27,no3_ugl,67.42857142857143
PRM,1989-06-27,nh4_ugl,NA
PRM,1989-06-27,k_mgl,0.69375
PRM,1989-06-27,mg_mgl,1.75375
PRM,1989-06-27,ca_mgl,6.6
PRM,1989-08-29,no3_ugl,95.2
PRM,1989-08-29,nh4_ugl,NA
PRM,1989-08-29,k_mgl,0.87
PRM,1989-08-29,mg_mgl,2.17
PRM,1989-08-29,ca_mgl,6.04
PRM,1989-10-31,no3_ugl,221.14285714285717
PRM,1989-10-31,nh4_ugl,NA
PRM,1989-10-31,k_mgl,0.8814285714285715
PRM,1989-10-31,mg_mgl,2.5083333333333333
PRM,1989-10-31,ca_mgl,8.496666666666666
PRM,1990-01-02,no3_ugl,172
PRM,1990-01-02,nh4_ugl,NA
PRM,1990-01-02,k_mgl,1.1322222222222222
PRM,1990-01-02,mg_mgl,2.22
PRM,1990-01-02,ca_mgl,9.39375
PRM,1990-03-06,no3_ugl,180.55555555555554
PRM,1990-03-06,nh4_ugl,NA
PRM,1990-03-06,k_mgl,1.0322222222222222
PRM,1990-03-06,mg_mgl,2.0611111111111113
PRM,1990-03-06,ca_mgl,8.338888888888889
PRM,1990-05-08,no3_ugl,175.11111111111111
PRM,1990-05-08,nh4_ugl,NA
PRM,1990-05-08,k_mgl,0.9777777777777777
PRM,1990-05-08,mg_mgl,2.0944444444444446
PRM,1990-05-08,ca_mgl,8.975555555555555
PRM,1990-07-10,no3_ugl,152.22222222222223
PRM,1990-07-10,nh4_ugl,NA
PRM,1990-07-10,k_mgl,0.8744444444444445
PRM,1990-07-10,mg_mgl,2.0677777777777777
PRM,1990-07-10,ca_mgl,9.076666666666666
PRM,1990-09-11,no3_ugl,107
PRM,1990-09-11,nh4_ugl,NA
PRM,1990-09-11,k_mgl,0.8011111111111111
PRM,1990-09-11,mg_mgl,1.96
PRM,1990-09-11,ca_mgl,8.11
PRM,1990-11-13,no3_ugl,152.375
PRM,1990-11-13,nh4_ugl,NA
PRM,1990-11-13,k_mgl,0.7277777777777777
PRM,1990-11-13,mg_mgl,1.98
PRM,1990-11-13,ca_mgl,7.78
PRM,1991-01-15,no3_ugl,127.28571428571429
PRM,1991-01-15,nh4_ugl,NA
PRM,1991-01-15,k_mgl,0.8411111111111111
PRM,1991-01-15,mg_mgl,2.148888888888889
PRM,1991-01-15,ca_mgl,7.403333333333333
PRM,1991-03-19,no3_ugl,71.5
PRM,1991-03-19,nh4_ugl,NA
PRM,1991-03-19,k_mgl,0.735
PRM,1991-03-19,mg_mgl,1.4075
PRM,1991-03-19,ca_mgl,4.887142857142857
PRM,1991-05-21,no3_ugl,63
PRM,1991-05-21,nh4_ugl,NA
PRM,1991-05-21,k_mgl,0.8200000000000001
PRM,1991-05-21,mg_mgl,0.9271428571428572
PRM,1991-05-21,ca_mgl,5.034
PRM,1991-07-23,no3_ugl,52.142857142857146
PRM,1991-07-23,nh4_ugl,NA
PRM,1991-07-23,k_mgl,0.8222222222222223
PRM,1991-07-23,mg_mgl,2.681111111111111
PRM,1991-07-23,ca_mgl,8.598888888888888
PRM,1991-09-24,no3_ugl,124
PRM,1991-09-24,nh4_ugl,NA
PRM,1991-09-24,k_mgl,0.72
PRM,1991-09-24,mg_mgl,2.09875
PRM,1991-09-24,ca_mgl,7.154999999999999
PRM,1991-11-26,no3_ugl,119.44444444444444
PRM,1991-11-26,nh4_ugl,NA
PRM,1991-11-26,k_mgl,0.71
PRM,1991-11-26,mg_mgl,1.8522222222222222
PRM,1991-11-26,ca_mgl,7.178888888888889
PRM,1992-01-28,no3_ugl,123.875
PRM,1992-01-28,nh4_ugl,NA
PRM,1992-01-28,k_mgl,0.9711111111111111
PRM,1992-01-28,mg_mgl,2.178888888888889
PRM,1992-01-28,ca_mgl,10.386666666666667
PRM,1992-03-31,no3_ugl,63.875
PRM,1992-03-31,nh4_ugl,NA
PRM,1992-03-31,k_mgl,0.8444444444444444
PRM,1992-03-31,mg_mgl,2.7222222222222223
PRM,1992-03-31,ca_mgl,7.913749999999999
PRM,1992-06-02,no3_ugl,38.111111111111114
PRM,1992-06-02,nh4_ugl,NA
PRM,1992-06-02,k_mgl,0.7966666666666666
PRM,1992-06-02,mg_mgl,1.961111111111111
PRM,1992-06-02,ca_mgl,7.605555555555556
PRM,1992-08-04,no3_ugl,45.22222222222222
PRM,1992-08-04,nh4_ugl,NA
PRM,1992-08-04,k_mgl,0.8288888888888889
PRM,1992-08-04,mg_mgl,2.1733333333333333
PRM,1992-08-04,ca_mgl,8.617777777777778
PRM,1992-10-06,no3_ugl,49.625
PRM,1992-10-06,nh4_ugl,NA
PRM,1992-10-06,k_mgl,0.7622222222222222
PRM,1992-10-06,mg_mgl,2.013333333333333
PRM,1992-10-06,ca_mgl,8.262222222222222
PRM,1992-12-08,no3_ugl,16.5
PRM,1992-12-08,nh4_ugl,NA
PRM,1992-12-08,k_mgl,0.67125
PRM,1992-12-08,mg_mgl,1.89375
PRM,1992-12-08,ca_mgl,7.6274999999999995
PRM,1993-02-09,no3_ugl,91.66666666666667
PRM,1993-02-09,nh4_ugl,NA
PRM,1993-02-09,k_mgl,0.7611111111111111
PRM,1993-02-09,mg_mgl,2.1966666666666668
PRM,1993-02-09,ca_mgl,8.618888888888888
PRM,1993-04-13,no3_ugl,52.125
PRM,1993-04-13,nh4_ugl,NA
PRM,1993-04-13,k_mgl,0.84
PRM,1993-04-13,mg_mgl,2.013333333333333
PRM,1993-04-13,ca_mgl,7.963333333333333
PRM,1993-06-15,no3_ugl,57
PRM,1993-06-15,nh4_ugl,NA
PRM,1993-06-15,k_mgl,0.76625
PRM,1993-06-15,mg_mgl,2.05375
PRM,1993-06-15,ca_mgl,8.865
PRM,1993-08-17,no3_ugl,50.25
PRM,1993-08-17,nh4_ugl,NA
PRM,1993-08-17,k_mgl,0.8
PRM,1993-08-17,mg_mgl,2.068888888888889
PRM,1993-08-17,ca_mgl,8.374444444444444
PRM,1993-10-19,no3_ugl,35.75
PRM,1993-10-19,nh4_ugl,NA
PRM,1993-10-19,k_mgl,0.72
PRM,1993-10-19,mg_mgl,2.0077777777777777
PRM,1993-10-19,ca_mgl,7.707777777777777
PRM,1993-12-21,no3_ugl,13
PRM,1993-12-21,nh4_ugl,NA
PRM,1993-12-21,k_mgl,0.5
PRM,1993-12-21,mg_mgl,1.3522222222222222
PRM,1993-12-21,ca_mgl,6.5525
PRM,1994-02-22,no3_ugl,7
PRM,1994-02-22,nh4_ugl,NA
PRM,1994-02-22,k_mgl,0.7233333333333334
PRM,1994-02-22,mg_mgl,2.1
PRM,1994-02-22,ca_mgl,9.082222222222223
PRM,1994-04-26,no3_ugl,19.11111111111111
PRM,1994-04-26,nh4_ugl,NA
PRM,1994-04-26,k_mgl,0.86
PRM,1994-04-26,mg_mgl,2.3177777777777777
PRM,1994-04-26,ca_mgl,9.436666666666667
PRM,1994-06-28,no3_ugl,72
PRM,1994-06-28,nh4_ugl,NA
PRM,1994-06-28,k_mgl,0.7944444444444444
PRM,1994-06-28,mg_mgl,2.3644444444444446
PRM,1994-06-28,ca_mgl,8.825555555555555
PRM,1994-08-30,no3_ugl,NA
PRM,1994-08-30,nh4_ugl,NA
PRM,1994-08-30,k_mgl,0.8522222222222222
PRM,1994-08-30,mg_mgl,2.1222222222222222
PRM,1994-08-30,ca_mgl,9.213333333333333
PRM,1994-11-01,no3_ugl,43
PRM,1994-11-01,nh4_ugl,NA
PRM,1994-11-01,k_mgl,0.7133333333333334
PRM,1994-11-01,mg_mgl,2.0877777777777777
PRM,1994-11-01,ca_mgl,7.992222222222222
